call_id,original_audio_file,source,duration_seconds,total_words,agent_words,customer_words,other_words,agent_talk_time_seconds,customer_talk_time_seconds,other_talk_time_seconds,talk_ratio_agent,num_speakers,has_other_speaker,roles_detected,num_utterances,mean_confidence,is_rpc,ptp_logrado,num_objeciones,num_objeciones_resueltas,alternativas_ofrecidas,tono_predominante_agente,peticiones_aclaracion_cliente,justificacion_breve,claridad_mensaje,tasa_resolucion_objeciones,duracion_total_segundos,talk_ratio_agente
humano_01,0445c357-e465-49ae-8067-bfa91d11b532.wav,humano,309.52,703,612,91,0,207.39,34.08,0.0,0.67,2,False,"Agente, Cliente",70,0.9383,True,True,1,1,3,empatico_profesional,2,"Se confirmó que la interlocutora es la deudora, el cliente aceptó un plan de pago (6 cuotas, ajustado a 5) con fecha de inicio el 5 de agosto, se registró una objeción por falta de dinero que fue resuelta mediante alternativas de abono y reestructuración, se ofrecieron tres alternativas de negociación, el agente mantuvo un tono empático‑profesional y el cliente solicitó aclaraciones en dos ocasiones.",0.3333,1.0,309.52,0.67
humano_02,09115a4a-ac50-4425-9dbc-b551a0b5342c.wav,humano,87.2,231,188,43,0,54.64,13.12,0.0,0.6266,2,False,"Agente, Cliente",23,0.9526,True,True,0,0,0,empatico_profesional,0,"Se confirmó que la persona que habla es la señora Luz, cliente aceptó pagar el 31 de agosto, no hubo objeciones ni peticiones de aclaración, el agente solo confirmó el acuerdo y ofreció envío por WhatsApp con tono empático y profesional.",1.0,,87.2,0.6266
humano_03,0bc9a430-bdcd-44a7-a92d-e71dc33c8ad5.wav,humano,105.64,176,88,88,0,30.56,24.13,0.0,0.2893,2,False,"Agente, Cliente",21,0.9068,False,False,0,0,0,neutro_formal,2,"El agente no logró contactar al titular (Luis Chávez) y no se alcanzó ningún acuerdo de pago; no hubo objeciones de tipo financiero, ni ofertas de solución, y el tono fue formal y protocolario. El cliente solicitó aclaraciones sobre la audibilidad del agente en dos ocasiones.",0.3333,,105.64,0.2893
humano_04,0c6ada7d-d8c5-4840-ae79-0d8d573183dc.wav,humano,141.48,58,0,0,58,0.0,0.0,24.14,0.0,1,True,Otro,7,0.9982,False,False,0,0,0,rigido_robotico,0,"La llamada corresponde a un mensaje de voz automatizado sin interacción con el deudor, por lo que no se confirma contacto, no hay promesas de pago, objeciones ni ofertas.",1.0,,141.48,0.0
humano_05,0d2d37dd-38a4-40dd-ac62-b430f722ed57.wav,humano,594.72,1252,879,373,0,277.12,117.34,0.0,0.466,2,False,"Agente, Cliente",119,0.948,True,True,7,5,3,empatico_profesional,0,"Se confirmó que la interlocutora es la deudora, el agente logró un compromiso de pago (fecha 18‑agosto o 15‑septiembre) tras manejar varias objeciones técnicas y de información, ofreciendo reenvío de documentos, cambio de fecha y opción de pago total; el tono fue empático y profesional y no hubo solicitudes de aclaración por parte del cliente.",1.0,0.7143,594.72,0.466
humano_06,1c72dd55-acbb-4ebe-a4d7-446cc294a4a1.wav,humano,224.62,402,251,151,0,92.94,59.13,0.0,0.4137,2,False,"Agente, Cliente",55,0.9338,True,True,3,3,3,empatico_profesional,0,"El cliente confirmó ser el deudor, aceptó pagar 100000 pesos mensuales a partir del 15 de julio, tras que el agente ofreciera varias alternativas (descuento, cuotas, abono parcial) y resolviera sus objeciones de capacidad de pago.",1.0,1.0,224.62,0.4137
humano_07,1e3beb83-824b-4ad5-8483-f4ff6ea3c05e.wav,humano,160.76,308,217,84,7,66.62,25.15,3.04,0.4144,3,True,"Agente, Cliente, Otro",43,0.9172,True,True,1,1,1,empatico_profesional,0,"El agente confirmó que hablaba con el titular (Alejandro), obtuvo una promesa de pago para el 30 de agosto, manejó una única objeción de falta de dinero/empleo y la resolvió ofreciendo un descuento, ofreciendo una alternativa de pago; su tono fue empático y profesional y el cliente no solicitó aclaraciones.",1.0,1.0,160.76,0.4144
humano_08,1f5cda00-bbf3-4770-97dc-99760ddadc1b.wav,humano,143.74,326,309,10,7,87.86,3.84,3.28,0.6113,3,True,"Agente, Cliente, Otro",28,0.8994,True,True,0,0,2,neutro_formal,1,"El agente confirmó que hablaba con el titular, el cliente aceptó pagar la totalidad la semana siguiente, no hubo objeciones, se ofrecieron dos opciones de pago (total o cuotas) y el tono fue formal y protocolario.",0.5,,143.74,0.6113
humano_09,2a92a64c-6ea8-48a0-b47a-445a3c577199.wav,humano,626.2,1763,993,770,0,314.68,224.1,0.0,0.5025,2,False,"Agente, Cliente",99,0.9345,True,True,7,7,5,empatico_profesional,2,"Se confirmó que la interlocutora es la titular, el cliente aceptó pagar en dos cuotas (20 y 20 de agosto/septiembre). Hubo 7 objeciones (confusión, falta de empleo, recursos, límite de pago, preocupación por monto total, legalidad y fecha), todas atendidas con descuentos, unificación de deudas, plan de cuotas y reprogramación de fechas. El agente mostró tono empático y profesional y realizó 2 peticiones de aclaración por parte del cliente.",0.3333,1.0,626.2,0.5025
humano_10,2b377b6a-4fa1-4910-8d68-9ee05f7c302a.wav,humano,202.66,366,327,39,0,119.42,14.72,0.0,0.5892,2,False,"Agente, Cliente",52,0.9192,True,True,0,0,1,empatico_profesional,0,"Se confirmó al cliente (Perdomo) como titular, aceptó pagar en 3 cuotas sin objeciones, se ofreció una única alternativa de pago en cuotas, el agente mantuvo tono empático y profesional y no hubo peticiones de aclaración por parte del cliente.",1.0,,202.66,0.5892
humano_11,2d454b7b-9f12-4acb-8101-d3ba74bb84ff.wav,humano,578.9,1457,994,463,0,314.6,137.88,0.0,0.5434,2,False,"Agente, Cliente",140,0.9063,True,True,6,6,4,empatico_profesional,1,"El cliente confirmó ser el titular, aceptó pagar el viernes 31 de julio y el agente ofreció varias opciones de cuotas y pagos parciales, resolviendo todas las objeciones del cliente.",0.5,1.0,578.9,0.5434
humano_12,2e50e9db-53c9-4472-ad05-1ba1032dd707.wav,humano,123.4,240,111,129,0,37.28,43.92,0.0,0.3021,2,False,"Agente, Cliente",27,0.92,False,False,1,0,0,neutro_formal,0,"No se confirmó la identidad del titular, no hubo promesa de pago, el cliente expresó una objeción sobre no haber visto el correo y su disponibilidad, el agente no resolvió la objeción ni ofreció alternativas de pago, mantuvo un tono protocolario y no hubo peticiones de aclaración.",1.0,0.0,123.4,0.3021
humano_13,306c762c-73a1-4690-962d-53f1a14f05b6.wav,humano,132.6,330,190,140,0,61.37,47.73,0.0,0.4629,2,False,"Agente, Cliente",25,0.9323,False,False,2,0,0,neutro_formal,0,"El interlocutor es un familiar que habla en nombre de la titular, por lo que no se confirma contacto con el titular; no se obtuvo promesa de pago; se identifican dos objeciones (acuerdo ya pagado y falta de respuesta a documentos) que no fueron resueltas; el agente no ofreció alternativas de pago; su tono es neutro y formal; no hubo peticiones de aclaración por parte del cliente.",1.0,0.0,132.6,0.4629
humano_14,336a8602-1b56-4ca6-9dcc-7491b9a92a8a.wav,humano,76.0,193,87,106,0,25.94,31.52,0.0,0.3414,2,False,"Agente, Cliente",14,0.9484,True,True,1,1,1,empatico_profesional,0,"Se confirmó que la interlocutora es la titular (señora Berenice). El cliente aceptó pagar el 15 de julio, cumpliendo la promesa de pago. Se registró una objeción (calamidad) que fue resuelta al ofrecer una nueva fecha de pago y envío de medios, contabilizando una alternativa de negociación. El agente mantuvo tono empático y profesional. No hubo peticiones de aclaración por parte del cliente.",1.0,1.0,76.0,0.3414
humano_15,380f5075-47be-435f-b595-7e2c48dbb21b.wav,humano,74.56,185,140,45,0,39.54,16.56,0.0,0.5303,2,False,"Agente, Cliente",14,0.9512,False,False,1,1,0,neutro_formal,0,"El cliente no se identifica como titular (se presenta como Daniela), por lo que no se confirma contacto con el deudor; no se obtuvo compromiso de pago; se registró una objeción sobre no recibir el mensaje por WhatsApp, la cual el agente intentó resolver ofreciendo reenviar el mensaje; no se ofrecieron alternativas de pago y el tono del agente fue formal y protocolario sin carga emocional; no hubo peticiones de aclaración por parte del cliente.",1.0,1.0,74.56,0.5303
humano_16,38482ca0-4501-4b4c-99b5-16313e8eb12f.wav,humano,299.5,816,590,226,0,176.9,70.65,0.0,0.5906,2,False,"Agente, Cliente",70,0.9344,True,False,1,0,3,neutro_formal,0,"El cliente confirmó ser el deudor, pero no aceptó la oferta y no se comprometió a pagar; se registró una objeción que no fue resuelta y el agente ofreció descuento, cuotas y posibilidad de contra‑propuesta, manteniendo un tono formal y sin preguntas de aclaración.",1.0,0.0,299.5,0.5906
humano_17,440cb585-d675-4ed9-afa4-934e2a0aae90.wav,humano,201.9,489,275,214,0,72.32,71.72,0.0,0.3582,2,False,"Agente, Cliente",46,0.9178,True,False,5,0,0,empatico_profesional,0,"El cliente confirmó ser la deudora, pero no se comprometió a pagar; expresó cinco objeciones relacionadas con salud, falta de fondos e incertidumbre, ninguna fue resuelta y el agente solo dejó anotación sin ofrecer alternativas flexibles, manteniendo un tono empático y profesional.",1.0,0.0,201.9,0.3582
humano_18,50e0f632-d195-4476-b049-3720482d65d9.wav,humano,116.42,210,110,100,0,25.04,35.48,0.0,0.2151,2,False,"Agente, Cliente",17,0.8782,False,False,0,0,0,neutro_formal,1,No se confirmó que la persona que habla sea el titular de la deuda; no hubo compromiso de pago ni oferta de alternativas; no se identificaron objeciones del cliente; el agente mantuvo un tono neutro y formal; se registró una única petición de aclaración (¿Cómo?) por parte del cliente.,0.5,,116.42,0.2151
humano_19,635a7986-ddd2-47f3-a6de-82a217053afa.wav,humano,166.74,327,247,75,5,80.96,26.88,2.72,0.4855,3,True,"Agente, Cliente, Otro",40,0.943,True,True,3,3,2,empatico_profesional,0,"Se confirmó que el cliente es el titular, aceptó pagar el 30 de agosto tras que el agente ofreciera extensión de fecha y opción de abono; se registraron tres objeciones (falta de dinero y gasto inesperado) todas resueltas; se ofrecieron dos alternativas (abono parcial y prórroga).",1.0,1.0,166.74,0.4855
humano_20,63b9a147-5c33-40ba-87c7-124e4be56cda.wav,humano,243.4,315,315,0,0,112.83,0.0,0.0,0.4635,1,False,Agente,44,0.9049,False,False,0,0,2,rigido_robotico,0,"No hay respuesta del cliente, por lo tanto no se confirma titularidad ni compromiso de pago; no se registran objeciones ni aclaraciones; el agente solo ofrece dos métodos de pago y mantiene un tono monótono y scriptado.",1.0,,243.4,0.4635
humano_21,66c2db61-5a3d-4020-a90a-007a029d0879.wav,humano,137.76,288,209,79,0,70.8,20.1,0.0,0.5139,2,False,"Agente, Cliente",38,0.9481,False,True,1,1,1,empatico_profesional,0,"No se confirmó explícitamente que el interlocutor sea el titular, pero el cliente se comprometió a pagar mañana vía plataforma online; expresó una objeción (imposibilidad de pagar hoy) que fue resuelta con la alternativa de pago en línea; el agente mantuvo tono empático y profesional y no hubo peticiones de aclaración.",1.0,1.0,137.76,0.5139
humano_22,67197ac4-63d9-4567-9e89-896e715ab906.wav,humano,395.24,1066,600,466,0,179.38,130.28,0.0,0.4538,2,False,"Agente, Cliente",83,0.8882,True,False,5,5,2,neutro_formal,0,"Se confirmó que el cliente es el titular; no se obtuvo una fecha concreta de pago, solo una intención de pagar; se identificaron cinco objeciones del cliente, todas fueron atendidas por el agente mediante explicación, oferta de cuotas y sugerencia de acudir a la oficina; se ofrecieron dos alternativas (plan de cuotas y visita a oficina); el tono del agente fue mayormente formal y protocolario; no hubo peticiones de aclaración explícitas.",1.0,1.0,395.24,0.4538
humano_23,6854b6cc-c858-4dd4-b326-b7d6fe55843a.wav,humano,160.78,266,202,64,0,76.72,23.52,0.0,0.4772,2,False,"Agente, Cliente",52,0.9265,True,True,0,0,0,empatico_profesional,1,Se confirmó que la persona que habla corresponde al titular al validar su correo; el cliente aceptó pagar hoy; no se detectaron objeciones; el agente solo reenvió el acuerdo sin ofrecer opciones de pago; tono empático y profesional; una sola petición de aclaración por parte del cliente.,0.5,,160.78,0.4772
humano_24,693045ed-afc8-4c9c-9eee-f7e34281fb16.wav,humano,177.64,376,225,151,0,78.85,49.51,0.0,0.4439,2,False,"Agente, Cliente",49,0.847,True,False,1,0,1,neutro_formal,0,El cliente confirmó ser el titular y manifestó incapacidad de pago por enfermedad y desempleo (una objeción). El agente ofreció un pago único de 1000 pesos (una alternativa) pero no logró resolver la objeción ni obtuvo promesa de pago. El tono fue mayormente formal y protocolario sin agresividad ni alta empatía. No hubo peticiones de aclaración por parte del cliente.,1.0,0.0,177.64,0.4439
humano_25,6bbff5d5-7d85-4587-94d9-4e44d4e4055b.wav,humano,294.54,687,637,50,0,206.07,19.44,0.0,0.6996,2,False,"Agente, Cliente",71,0.9529,True,False,1,1,4,neutro_formal,0,"El agente contactó al titular, quien confirmó su identidad implícitamente; no se obtuvo una nueva promesa de pago; el cliente objetó la falta de documento, que el agente resolvió enviando la información; se ofrecieron varias opciones de pago y flexibilidad, y el tono fue formal y protocolario sin agresividad ni alta empatía; no hubo peticiones de aclaración.",1.0,1.0,294.54,0.6996
humano_26,73ddf5ba-7005-41a6-88b5-be98fb909764.wav,humano,145.24,285,194,91,0,64.47,27.52,0.0,0.4439,2,False,"Agente, Cliente",37,0.9345,True,True,1,1,1,empatico_profesional,2,"El cliente confirmó ser el deudor, aceptó pagar el 28/29 de agosto tras la objeción de falta de fondos; el agente ofreció extensión de fecha y envío de acuerdo, resolviendo la objeción con tono empático y profesional, y el cliente realizó dos peticiones de aclaración.",0.3333,1.0,145.24,0.4439
humano_27,74aa7e2d-4d44-45cc-a3e5-97fb9383a960.wav,humano,118.26,242,242,0,0,88.12,0.0,0.0,0.7452,1,False,Agente,31,0.9644,False,False,0,0,1,rigido_robotico,0,"El agente habla todo el tiempo sin recibir respuesta del cliente; no se confirma la identidad del deudor, no hay promesa de pago, ni objeciones, y el discurso es monótono y scriptado, por lo que se clasifica como contacto no titular, sin PTP, tono rígido y una sola alternativa (plan de cuotas).",1.0,,118.26,0.7452
humano_28,74b16f62-f04d-42c8-9872-ea9b9ed1dd75.wav,humano,643.48,1616,1122,494,0,383.76,152.46,0.0,0.5964,2,False,"Agente, Cliente",135,0.9072,True,False,9,0,4,neutro_formal,0,"Se confirmó que la persona que habla es la deudora (habla de su deuda y situación familiar). No se obtuvo compromiso de pago; el cliente manifestó múltiples objeciones y ninguna fue resuelta con acuerdo. El agente ofreció cuatro alternativas (pago de 500k, 12 cuotas, envío de acuerdo por email, congelar intereses). El tono fue mayormente formal y protocolario. No hubo peticiones de aclaración.",1.0,0.0,643.48,0.5964
humano_29,77d258d0-9b2e-4086-b624-f280eed0957b.wav,humano,283.16,699,433,257,9,146.24,74.39,3.68,0.5164,3,True,"Agente, Cliente, Otro",72,0.9235,True,True,4,4,3,empatico_profesional,3,"El agente confirmó que hablaba con el titular, obtuvo una promesa de pago para el 15 de agosto, manejó cuatro objeciones sobre falta de dinero y flujo de caja, resolviéndolas con un nuevo plazo, opción de cuotas y pagos parciales; ofreció varios canales y mostró tono empático y profesional; el cliente solicitó aclaraciones tres veces.",0.25,1.0,283.16,0.5164
humano_30,7ea6c8f3-f6f7-42e8-8034-701caa6e62aa.wav,humano,129.88,289,183,106,0,50.33,31.85,0.0,0.3876,2,False,"Agente, Cliente",29,0.925,True,False,2,0,0,rigido_robotico,1,"Se confirmó que la interlocutora es la titular (Claudia). No se obtuvo un compromiso firme de pago con fecha concreta, por lo que ptp_logrado es false. El cliente manifestó dos objeciones relacionadas con falta de fondos. El agente no resolvió esas objeciones ni ofreció alternativas de negociación, limitándose a repetir información y enviar datos por WhatsApp. El tono del agente fue monótono y rígido, sin empatía ni confrontación. Sólo una petición de aclaración fue detectada.",0.5,0.0,129.88,0.3876
humano_31,82ee7afd-e2d3-4cfe-b82e-f7920f57f7ab.wav,humano,186.02,374,219,155,0,84.67,52.08,0.0,0.4552,2,False,"Agente, Cliente",44,0.9143,False,False,4,0,2,neutro_formal,0,"El cliente nunca confirmó su nombre, por lo que no se verifica que sea el titular (is_rpc false). No se obtuvo compromiso de pago (ptp_logrado false). Se identificaron cuatro objeciones distintas del cliente y ninguna fue superada por el agente. El agente ofreció dos alternativas de negociación (descuento con cuotas y acuerdo a largo plazo). El tono fue mayormente formal y protocolario. No hubo peticiones de aclaración por parte del cliente.",1.0,0.0,186.02,0.4552
humano_32,91b9fd77-d5d5-408f-ac90-fd78080780da.wav,humano,81.64,181,112,69,0,33.01,22.72,0.0,0.4043,2,False,"Agente, Cliente",14,0.9221,True,False,2,0,0,neutro_formal,0,"Se confirmó que el interlocutor es el titular, no se obtuvo compromiso de pago, se registraron dos objeciones (falta de fondos y desconocimiento del cobro) sin resolución ni ofertas del agente, tono mayormente formal y sin peticiones de aclaración.",1.0,0.0,81.64,0.4043
humano_33,92778da9-c37a-4eee-9ca5-81f835e7c5a4.wav,humano,176.56,448,142,306,0,47.93,88.95,0.0,0.2715,2,False,"Agente, Cliente",37,0.949,True,False,1,1,0,neutro_formal,0,"El cliente confirmó ser el titular y manifestó que ya había cancelado la deuda, lo que constituye una objeción que el agente resolvió al ofrecer registrar el pago vía WhatsApp; no se obtuvo una nueva promesa de pago ni se ofrecieron planes de pago, y el tono del agente fue mayormente formal y protocolario.",1.0,1.0,176.56,0.2715
humano_34,93d0abfc-ece6-488b-bee8-950abb980520.wav,humano,175.46,299,197,102,0,78.97,42.51,0.0,0.4501,2,False,"Agente, Cliente",49,0.9148,True,True,0,0,0,neutro_formal,4,El cliente confirma ser el titular y se compromete a pagar; no se registran objeciones; el agente solo brinda datos de contacto sin ofrecer alternativas de pago y mantiene un tono formal y protocolario; se contabilizan cuatro solicitudes de aclaración del cliente.,0.2,,175.46,0.4501
humano_35,9919c667-3ebe-4e77-98a6-58623c85f678.wav,humano,152.86,389,281,108,0,79.96,33.6,0.0,0.5231,2,False,"Agente, Cliente",31,0.9316,True,True,1,1,0,neutro_formal,4,"Se confirmó que el interlocutor era el titular (señor Cristian). El cliente aceptó la segunda cuota y no indicó rechazo, por lo que se consideró un compromiso de pago. Hubo una objeción sobre posible estafa, que el agente aclaró explicando la titularidad de la cartera y ofreciendo validar con BBVA y enviar el correo, resolviéndola. No se ofrecieron alternativas de pago flexibles. El tono del agente fue protocolario y respetuoso, sin carga emocional marcada. Se detectaron cuatro solicitudes de aclaración del cliente sobre certificación, correo y recepción de información.",0.2,1.0,152.86,0.5231
humano_36,a3383d00-b984-4cb8-845b-77e19c520ffd.wav,humano,135.16,296,202,94,0,60.12,34.3,0.0,0.4448,2,False,"Agente, Cliente",29,0.9495,False,True,2,2,2,empatico_profesional,0,"No se confirmó explícitamente que el interlocutor sea el titular, pero el cliente aceptó el pago propuesto tras recibir un descuento y extensión de plazo.",1.0,1.0,135.16,0.4448
humano_37,ab2ac983-c562-4f79-a570-ee22de052d88.wav,humano,350.68,771,573,198,0,197.54,75.58,0.0,0.5633,2,False,"Agente, Cliente",90,0.8918,True,True,1,1,2,neutro_formal,1,"Se confirmó que el cliente es titular, aceptó pagar 480000 mañana a las 4 pm, mostró una objeción inicial que fue resuelta con la propuesta de aplazamiento, se ofrecieron al menos dos alternativas (fecha de pago y envío de acuerdo), el agente mantuvo tono formal y neutro, y el cliente solicitó una aclaración sobre el procedimiento.",0.5,1.0,350.68,0.5633
humano_38,ae0573ba-193e-42ac-bcc8-4c376a122f8e.wav,humano,308.64,723,411,312,0,127.31,97.24,0.0,0.4125,2,False,"Agente, Cliente",73,0.9107,True,True,0,0,1,empatico_profesional,8,"El agente confirmó que hablaba con la titular (Jenny), obtuvo su aceptación para pagar 680000 pesos el 15 de julio (promesa de pago), no se registraron objeciones, solo se ofreció un descuento como herramienta de negociación, el tono fue cálido y profesional, y el cliente realizó ocho preguntas de aclaración sobre método de pago, correo y detalles del acuerdo.",0.1111,,308.64,0.4125
humano_39,b7318057-111f-4bd0-adbc-943bd06ce4e0.wav,humano,285.6,585,469,116,0,161.83,42.64,0.0,0.5666,2,False,"Agente, Cliente",63,0.9471,False,True,0,0,4,empatico_profesional,1,"No se obtuvo confirmación explícita de que el interlocutor sea el titular, por lo que is_rpc es false. El cliente aceptó pagar la primera cuota el 17 de julio y la segunda el 15 de agosto, cumpliendo con ptp_logrado. No se registraron objeciones del cliente. El agente ofreció descuento del 10 %, opción de pago total, pago en dos cuotas y flexibilidad de fechas, sumando cuatro alternativas. El tono del agente fue empático y profesional. Se detectó una única petición de aclaración (""¿YYY qué?"").",0.5,,285.6,0.5666
humano_40,b954108b-c0c2-45e8-9032-1a3e87d60778.wav,humano,105.46,191,127,64,0,49.2,22.24,0.0,0.4665,2,False,"Agente, Cliente",32,0.9016,False,False,3,0,1,rigido_robotico,5,"El agente no contactó al titular, por lo que is_rpc es false; no se obtuvo promesa de pago; el cliente expresó tres objeciones (no está aquí, no conoce el teléfono, cuestiona el interrogatorio) sin que fueran resueltas; el agente ofreció un descuento como única alternativa; su tono fue rígido y robotizado; el cliente solicitó aclaraciones cinco veces.",0.1667,0.0,105.46,0.4665
humano_41,c067f714-3f61-478d-90da-b366c1f4da54.wav,humano,88.44,221,128,93,0,34.96,33.24,0.0,0.3953,2,False,"Agente, Cliente",21,0.9083,True,False,0,0,0,neutro_formal,0,"Se confirmó que el interlocutor es el titular (José Torres). No se obtuvo compromiso explícito de pago, por lo que ptp_logrado es false. No se detectaron objeciones ni peticiones de aclaración. El agente mantuvo un tono formal y protocolario sin ofrecer alternativas de negociación.",1.0,,88.44,0.3953
humano_42,c5d3d94f-8e64-459a-9794-509fc000611a.wav,humano,109.82,115,58,57,0,19.2,16.88,0.0,0.1748,2,False,"Agente, Cliente",12,0.9386,True,False,0,0,0,neutro_formal,0,"El agente confirmó el nombre del cliente, no se habló de pago ni hubo objeciones; no se ofrecieron alternativas y el tono fue neutro y formal.",1.0,,109.82,0.1748
humano_43,ce33bc23-16ba-43ec-afc5-9eac1cf0bf98.wav,humano,1233.2,2734,1994,740,0,707.98,265.82,0.0,0.5741,2,False,"Agente, Cliente",341,0.8775,True,True,7,2,12,neutro_formal,6,"No se confirmó la identidad del titular, no hubo compromiso de pago, el cliente no expresó objeciones, el agente ofreció una única alternativa de pago único con condonación de intereses, mantuvo un tono protocolario y el cliente solicitó aclaración una vez al preguntar ""¿cómo es, cómo es?"" [...] El cliente parece ser el titular (habla directamente del número y la deuda) pero no hay compromiso de pago ni objeciones claras; el agente solo repite información y ofrece enviar documentos, sin mostrar empatía, por lo que se clasifica como rígido/robótico.",0.1429,0.2857,1233.2,0.5741
humano_44,d741fe26-bbd4-41ab-a3c5-0c94791c6a1f.wav,humano,304.24,726,612,114,0,196.61,38.64,0.0,0.6462,2,False,"Agente, Cliente",63,0.9369,True,True,0,0,1,empatico_profesional,0,"El agente confirmó que la persona que contestó es la titular (Ivonne Torres), obtuvo un compromiso de pago en tres cuotas con fechas específicas, no se detectaron objeciones del cliente y solo se ofreció la opción de pago en cuotas como alternativa de negociación; el tono fue cordial y comprensivo, y el cliente no solicitó aclaraciones repetitivas.",1.0,,304.24,0.6462
humano_45,e76a6feb-b941-4dfc-aebf-4288c13c539c.wav,humano,208.44,407,298,109,0,100.06,36.0,0.0,0.48,2,False,"Agente, Cliente",60,0.9044,True,True,0,0,1,neutro_formal,3,"El cliente confirmó ser el titular y aceptó pagar el 4 de agosto, sin objeciones al pago; el agente ofreció posponer el pago a esa nueva fecha (una alternativa de negociación); el tono del agente fue mayormente formal y neutro; el cliente pidió aclaraciones tres veces.",0.25,,208.44,0.48
humano_46,e7d964af-28a2-47e1-8fa2-dcab580267c0.wav,humano,126.5,264,201,63,0,64.46,17.05,0.0,0.5096,2,False,"Agente, Cliente",29,0.9381,True,False,1,1,2,empatico_profesional,1,"Se confirmó que la interlocutora es la deudora (se dirige por nombre), no hubo promesa de pago concreta, el cliente expresó una objeción sobre el monto y el agente la resolvió ofreciendo descuento y cuotas, se ofrecieron dos alternativas, el tono fue empático y profesional, y el cliente pidió aclaración una vez.",0.5,1.0,126.5,0.5096
humano_47,e98181dc-2d7b-41ea-9524-59c721651a39.wav,humano,152.4,336,293,43,0,94.32,15.28,0.0,0.6189,2,False,"Agente, Cliente",50,0.911,True,False,1,1,2,rigido_robotico,3,"El cliente parece ser el titular de la deuda, pero no confirmó un compromiso de pago concreto; solo expresó que no pagaría hoy y el agente ofreció una fecha posterior y opciones de envío del documento, resolviendo la objeción. El agente siguió guion sin mostrar empatía, por lo que su tono es rígido/robótico. Se contabilizaron tres solicitudes de aclaración del cliente.",0.25,1.0,152.4,0.6189
humano_48,eaaa5092-71c6-47ba-8c34-9fa95854812a.wav,humano,209.58,403,320,83,0,110.68,25.68,0.0,0.5281,2,False,"Agente, Cliente",46,0.9505,True,True,4,2,4,neutro_formal,0,"Se confirmó que el interlocutor es el titular (Max). El cliente aceptó pagar la primera cuota entre el 1 y 5 de agosto, constituyendo un PTP. Se identificaron 4 objeciones (acuerdo anterior, falta de fondos, desempleo, confusión por calamidad). El agente resolvió 2 (desempleo y confusión) al ofrecer montos menores y flexibilidad de fecha. Ofreció 4 alternativas: pago en 12 cuotas, propuesta de 350000, propuesta de 300000 y aplazamiento de la fecha de pago. El tono fue neutro y formal. No hubo peticiones de aclaración.",1.0,0.5,209.58,0.5281
humano_49,f613df46-85a0-46bd-a148-7826aac2451c.wav,humano,276.52,635,523,112,0,178.61,34.65,0.0,0.6459,2,False,"Agente, Cliente",78,0.891,True,False,4,0,2,neutro_formal,0,"El agente confirmó que hablaba con la titular (señora Jennifer), pero la cliente nunca se comprometió a pagar; expresó varias objeciones sobre falta de empleo y capacidad de pago que no fueron resueltas, y el agente ofreció dos alternativas de pago (descuento en dos cuotas y plan de 12 cuotas). El tono fue mayormente formal y protocolario sin agresividad ni alta empatía, y no hubo peticiones de aclaración por parte del cliente.",1.0,0.0,276.52,0.6459
humano_50,f75a5ac6-d705-47f3-9ab1-f9e7aad6eab6.wav,humano,141.12,345,226,119,0,69.92,35.33,0.0,0.4955,2,False,"Agente, Cliente",35,0.89,True,True,0,0,2,empatico_profesional,0,"Se confirmó que el interlocutor es el titular de la deuda, el cliente aceptó pagar el sábado, no presentó objeciones, el agente ofreció dos alternativas (organizar pago de 400 y pactar fecha sábado) y mantuvo un tono empático y profesional; no hubo peticiones de aclaración.",1.0,,141.12,0.4955
ia_01,07c816c7-cb2b-4178-ab85-e501f1c38bd9.wav,ia,141.92,323,290,33,0,83.24,13.84,0.0,0.5865,2,False,"Agente, Cliente",33,0.9443,True,False,1,0,1,empatico_profesional,1,El cliente confirmó ser el deudor implícitamente al hablar de su falta de dinero; no se obtuvo promesa de pago; solo una objeción (falta de fondos) que no fue resuelta; el agente ofreció un descuento como alternativa; tono mostró empatía y profesionalismo; el cliente pidió aclaración una vez al inicio.,0.5,0.0,141.92,0.5865
ia_02,0aef8aeb-0086-4f38-b53d-a771fc949c2b.wav,ia,83.4,163,142,12,9,47.93,5.2,3.92,0.5748,3,True,"Agente, Cliente, Otro",26,0.9551,True,False,1,0,2,neutro_formal,1,"Se confirmó al cliente titular, no hubo promesa de pago, una objeción (rechazo) sin resolución, se ofrecieron descuento y plan de 3 cuotas, tono formal y una solicitud de aclaración del cliente.",0.5,0.0,83.4,0.5748
ia_03,12fb0266-c7af-4439-b62b-e9ce0c2e947f.wav,ia,472.48,911,517,394,0,171.74,157.51,0.0,0.3635,2,False,"Agente, Cliente",128,0.9425,True,False,6,0,3,empatico_profesional,0,"El agente confirmó que hablaba con la titular, pero el cliente nunca aceptó un pago ni plan; expresó varias objeciones (falta de dinero, situación médica, imposibilidad de cuota) que no fueron resueltas; se ofrecieron descuento, pago único y acuerdo a largo plazo; el tono fue empático y profesional; el cliente no solicitó aclaraciones.",1.0,0.0,472.48,0.3635
ia_04,19b3eddf-e2d6-4b68-befc-bdb10a10719a.wav,ia,92.1,182,13,155,14,4.48,46.12,6.72,0.0486,3,True,"Agente, Cliente, Otro",20,0.9521,False,False,0,0,2,rigido_robotico,0,"No se confirmó la identidad del titular, no hubo compromiso de pago, no se registraron objeciones ni peticiones de aclaración; el agente ofreció descuento y opción de pago en cuotas, pero su tono fue monótono y scriptado.",1.0,,92.1,0.0486
ia_05,1a132947-7135-429f-ba15-825ac02ba601.wav,ia,434.46,844,588,256,0,201.51,89.64,0.0,0.4638,2,False,"Agente, Cliente",111,0.9447,True,False,3,1,2,neutro_formal,3,"El agente confirmó que hablaba con el titular (se dirige a Sr. Vallejo) y el cliente respondió, por lo que se considera contacto correcto. No se obtuvo un compromiso explícito de pago del monto acordado, solo una posible fecha, por lo que ptp es false. Se identificaron tres objeciones (duda sobre la tarjeta, contraoferta de 2 M y problema de fecha), una de ellas (fecha) fue atendida y aceptada. El agente ofreció descuento y aplazamiento, dos alternativas. Su tono fue mayormente formal y protocolario. Hubo tres solicitudes de aclaración por parte del cliente.",0.25,0.3333,434.46,0.4638
ia_06,239a604a-3b58-445a-bfb4-88113ba4f232.wav,ia,67.16,143,83,60,0,24.72,11.28,0.0,0.3681,2,False,"Agente, Cliente",17,0.9641,False,False,1,0,0,neutro_formal,0,"El interlocutor no es el titular de la deuda, por lo que no se logra contacto con la parte responsable ni se acuerda pago; solo se registra una objeción (no es el deudor) que no se resuelve y el agente mantiene un tono formal sin ofrecer alternativas.",1.0,0.0,67.16,0.3681
ia_07,293e667b-63e6-43e4-a811-06249526467a.wav,ia,90.82,174,120,54,0,42.63,21.92,0.0,0.4694,2,False,"Agente, Cliente",26,0.9299,False,False,2,0,1,neutro_formal,0,"El agente habló con la persona cuyo nombre se menciona, pero el cliente niega ser el deudor, por lo que no se confirma titularidad. No se obtuvo promesa de pago. El cliente expresó dos objeciones (negación de deuda y falta de recuerdo) que no fueron resueltas. Solo se ofreció una alternativa (descuento y pago único). El tono fue protocolario y sin carga emocional, y no hubo peticiones de aclaración por parte del cliente.",1.0,0.0,90.82,0.4694
ia_08,3056dcb7-265d-42d8-a3c6-8bb2200860de.wav,ia,222.88,384,377,7,0,127.68,2.64,0.0,0.5729,2,False,"Agente, Cliente",60,0.9486,True,True,0,0,2,neutro_formal,0,"El cliente confirmó su identidad y aceptó el descuento y el pago único antes del 13 de agosto, sin expresar objeciones ni solicitar aclaraciones; el agente siguió un guion formal sin mostrar empatía marcada ni rigidez excesiva, ofreciendo dos alternativas (descuento y pago en una cuota).",1.0,,222.88,0.5729
ia_09,3147bab7-9e7f-496d-ae97-52b280194924.wav,ia,201.42,574,89,485,0,27.44,138.31,0.0,0.1362,2,False,"Agente, Cliente",35,0.9379,False,False,12,0,0,empatico_profesional,0,"El cliente niega ser el deudor, por lo que no hay contacto con la parte correcta; no se obtuvo promesa de pago, se registraron múltiples objeciones sobre la equivocación del número y el agente solo ofreció retirar el número, sin presentar alternativas de pago.",1.0,0.0,201.42,0.1362
ia_10,32616618-6ce3-484f-a1d9-c014394a3492.wav,ia,66.6,84,84,0,0,29.52,0.0,0.0,0.4432,1,False,Agente,15,0.9106,False,False,0,0,0,rigido_robotico,0,"No se confirmó contacto con el titular, no hubo promesa de pago, no se observaron objeciones ni aclaraciones del cliente, y el agente solo siguió un guion sin ofrecer alternativas, adoptando un tono monótono y rígido.",1.0,,66.6,0.4432
ia_11,3350acd3-f649-47c8-adf6-ce1c08312d8f.wav,ia,185.06,318,246,59,13,83.47,23.33,4.4,0.451,4,True,"Agente, Cliente, Otro",45,0.9252,True,True,0,0,1,neutro_formal,0,"Se confirmó que el interlocutor es el titular, el cliente aceptó el pago único con descuento, no hubo objeciones ni peticiones de aclaración, el agente ofreció un descuento como única alternativa y mantuvo un tono neutro y formal.",1.0,,185.06,0.451
ia_12,355812a5-2733-46fb-a2d3-5b388817fef4.wav,ia,295.56,385,385,0,0,130.07,0.0,0.0,0.4401,1,False,Agente,46,0.9684,False,False,0,0,2,rigido_robotico,0,"No se obtuvo respuesta del cliente, por lo tanto no se confirmó titularidad ni se logró promesa de pago; no hubo objeciones ni aclaraciones y el agente mantuvo un guion rígido ofreciendo descuento y opciones de pago.",1.0,,295.56,0.4401
ia_13,3a02fcc2-2285-4d18-9fca-d8507ee15b7f.wav,ia,314.22,709,600,109,0,183.35,36.15,0.0,0.5835,2,False,"Agente, Cliente",74,0.9479,False,False,2,1,1,neutro_formal,0,"El cliente no es el titular de la deuda y no se obtuvo promesa de pago; se registraron dos objeciones (no es el deudor y no puede dar hora exacta), una fue gestionada mediante reprogramación; el agente ofreció un descuento único como única alternativa y mantuvo tono formal.",1.0,0.5,314.22,0.5835
ia_14,3df056d8-c16b-4665-bc8b-4c1456ed8592.wav,ia,107.28,241,220,21,0,65.26,8.56,0.0,0.6083,2,False,"Agente, Cliente",32,0.9326,False,False,1,0,1,empatico_profesional,2,"No se confirmó la identidad del titular, por lo que is_rpc es false; no hubo compromiso de pago, ptp_logrado false; el cliente expresó una única objeción (falta de trabajo) sin que el agente la resolviera, por eso 1 objeción y 0 resueltas; el agente ofreció un descuento del 7% como única alternativa de negociación; su tono fue empático y profesional; el cliente pidió aclaraciones dos veces (¿de parte de quién? y ¿con quién hablo?).",0.3333,0.0,107.28,0.6083
ia_15,3e8b2986-1ff4-4f4a-9554-c8b122601a03.wav,ia,156.08,237,237,0,0,82.78,0.0,0.0,0.5304,1,False,Agente,30,0.9496,False,False,0,0,0,neutro_formal,0,"No se obtuvo respuesta del cliente; no se confirmó titularidad, no hubo objeciones ni promesas de pago, el agente solo presentó información sin ofrecer alternativas concretas y mantuvo un tono formal y protocolario.",1.0,,156.08,0.5304
ia_16,41269351-a58b-42bf-8486-151c5aa3a4e2.wav,ia,100.36,141,0,0,141,0.0,0.0,46.64,0.0,2,True,Otro,12,0.9854,False,False,0,0,0,rigido_robotico,0,"La llamada solo contiene mensajes automáticos sin respuesta del cliente; no se confirma contacto con el titular, no hay promesas de pago, objeciones, alternativas ni peticiones de aclaración, y el tono es monótono y scriptado.",1.0,,100.36,0.0
ia_17,449d76a1-4755-4f78-afa8-00d57922d108.wav,ia,439.72,912,708,204,0,218.71,77.06,0.0,0.4974,2,False,"Agente, Cliente",98,0.9408,True,True,4,4,3,empatico_profesional,0,"El cliente confirmó ser el titular, aceptó pagar en dos cuotas con fecha definida, expresó varias objeciones sobre falta de dinero y tiempo que fueron atendidas con descuento, cuotas y aplazamiento; el agente mostró empatía y ofreció tres alternativas (descuento, cuotas, aplazamiento); tono empático‑profesional; no hubo peticiones de aclaración.",1.0,1.0,439.72,0.4974
ia_18,589afa5a-4b51-4018-a4e8-e219fdf3548f.wav,ia,104.5,296,216,70,10,62.02,18.33,4.4,0.5935,3,True,"Agente, Cliente, Otro",23,0.9318,False,False,0,0,1,neutro_formal,2,"El interlocutor se identifica explícitamente como un hombre ('Habla con un hombre, no habla con una mujer'), negando ser la titular de la deuda (Señora Aragón). Por lo tanto, no se confirma el contacto con la parte correcta (RPC). No se logran objeciones ni promesas de pago. El agente ofrece una alternativa de descuento/propuesta de pago, pero la llamada termina sin acuerdo.",0.3333,,104.5,0.5935
ia_19,5a16e288-5bc6-45a0-845b-8034f62ce376.wav,ia,297.66,698,270,418,10,90.73,99.86,4.08,0.3048,3,True,"Agente, Cliente, Otro",58,0.9335,True,False,2,0,1,empatico_profesional,1,"Se confirma contacto con el titular (is_rpc). El cliente expresa objeciones fuertes sobre la tasa de interés y la falta de abono a capital, y rechaza firmemente el pago ('no voy a pagar un peso más'), por lo que no se logra PTP. El agente ofrece una alternativa con descuento del 7% (alternativas_ofrecidas=1) pero no logra resolver la objeción principal del cliente. El tono del agente es empático y profesional, validando la molestia del cliente. Se registra una petición de aclaración cuando el cliente pregunta '¿Cuál es el descuento?'. ",0.5,0.0,297.66,0.3048
ia_20,631a4d16-0c07-4215-9476-ff9c8179413a.wav,ia,239.38,242,242,0,0,72.05,0.0,0.0,0.301,1,False,Agente,40,0.803,True,True,0,0,2,neutro_formal,0,"Se confirma contacto con la titular (Señora Hernández). El cliente acepta la propuesta de descuento y la opción de pago en una sola cuota, estableciendo una fecha límite, lo que constituye un PTP. Se ofrecieron dos opciones de pago (cuotas vs. cuota única) y un descuento. No se registran objeciones ni peticiones de aclaración explícitas por parte del cliente en la transcripción proporcionada.",1.0,,239.38,0.301
ia_21,64a627ae-0339-4595-a414-21ed0c641d16.wav,ia,99.42,147,96,0,51,32.28,0.0,21.17,0.3246,2,True,"Agente, Otro",14,0.9831,False,False,0,0,0,rigido_robotico,0,"El agente no logró contactar al titular; la llamada fue desviada a un sistema de grabación automatizado, no se presentaron objeciones ni ofertas, y el tono fue rígido y monótono al repetir el guion sin interacción.",1.0,,99.42,0.3246
ia_22,66c23ff9-4946-4870-8e67-850dac6526ef.wav,ia,94.36,191,191,0,0,64.41,0.0,0.0,0.6827,1,False,Agente,28,0.9557,False,False,0,0,2,neutro_formal,0,"La transcripción solo registra al agente hablando; no hay respuesta audible del cliente ni confirmación de identidad (Right Party Contact). El agente ofrece un descuento del 5% y la opción de pagar en 2 cuotas, pero la llamada termina sin respuesta del deudor, por lo que no se logra un compromiso de pago (PTP).",1.0,,94.36,0.6827
ia_23,673f40d5-c6de-4cec-8c52-ad89b8382f38.wav,ia,344.7,797,552,245,0,172.29,86.23,0.0,0.4998,2,False,"Agente, Cliente",74,0.9703,True,False,1,0,2,empatico_profesional,2,"Se confirma contacto con el titular (RPC). El cliente rechaza la propuesta inicial citando desempleo como única objeción. El agente ofrece dos alternativas (descuento con cuotas y acuerdo de largo plazo), pero el cliente no se compromete a pagar (sin PTP). El tono del agente es empático y profesional, mostrando comprensión ante la situación del cliente. El cliente solicita aclaración sobre la identidad del agente al inicio de la llamada.",0.3333,0.0,344.7,0.4998
ia_24,6d1ee3b1-3436-47ec-9754-f4b7f4048889.wav,ia,403.36,1024,870,154,0,256.49,46.64,0.0,0.6359,2,False,"Agente, Cliente",71,0.9439,True,False,3,0,2,neutro_formal,2,"Se confirma contacto con el titular (RPC). El cliente expresa objeciones por inconsistencia en montos anteriores y falta de liquidez (solo tiene 300k). El agente ofrece descuento del 20% y luego un plan de cuotas sin descuento, pero el cliente rechaza ambas opciones y no se compromete a pagar (no PTP). El tono es formal y protocolario, aunque algo repetitivo. El cliente pide aclaración sobre el monto de la cuota al final.",0.3333,0.0,403.36,0.6359
ia_25,6d26bb76-d3ae-4890-83df-f5dcb0ef339d.wav,ia,454.06,1298,742,556,0,204.73,158.98,0.0,0.4509,2,False,"Agente, Cliente",79,0.9473,True,False,3,0,2,neutro_formal,0,"Se confirma contacto con el titular (is_rpc). El cliente rechaza la propuesta actual por considerarla demasiado alta y no se compromete a pagar en la fecha acordada, sino que solicita una nueva llamada para el futuro (ptp_logrado: false). El cliente expresa objeciones sobre el monto y la inconsistencia con una oferta anterior. El agente ofrece dos alternativas: pago único con descuento y un acuerdo de largo plazo sin descuento, pero ninguna fue aceptada para cerrar el pago hoy.",1.0,0.0,454.06,0.4509
ia_26,6d8d8dbe-b501-4303-b864-9dc24119df5c.wav,ia,112.82,178,178,0,0,58.36,0.0,0.0,0.5173,1,False,Agente,25,0.9041,False,False,0,0,2,rigido_robotico,0,"No se detectó al cliente ni confirmación de titular; no hubo promesa de pago ni objeciones. El agente solo recita un guion ofreciendo descuento y acuerdo de pago, con tono monótono y sin adaptación.",1.0,,112.82,0.5173
ia_27,7350b21e-cea7-4a3d-9603-9ec53b47843e.wav,ia,68.58,83,83,0,0,31.36,0.0,0.0,0.4573,1,False,Agente,19,0.9422,False,False,0,0,0,confrontativo,0,"La transcripción solo registra al agente (Hablante 0) y no hay respuesta audible del cliente ni confirmación de identidad. El agente utiliza lenguaje intimidante ('proceso legal', 'embargos') y termina con una expresión grosera ('mamian'), indicando un tono confrontativo y falta de contacto efectivo con el titular.",1.0,,68.58,0.4573
ia_28,79c5d6ae-0a3b-4b2a-8771-882e2b02cf95.wav,ia,561.58,1369,747,622,0,224.73,194.27,0.0,0.4002,2,False,"Agente, Cliente",112,0.9316,True,False,3,0,2,empatico_profesional,4,"Se confirma contacto con el titular (is_rpc). El cliente expresa objeciones por falta de liquidez y desconfianza por la gestión anterior. El agente ofrece dos alternativas: pago único con descuento y plan de cuotas sin descuento. Sin embargo, no se logra un compromiso de pago (PTP) concreto, ya que el cliente solicita ser recontactado al día siguiente para presentar su propia propuesta, por lo que ptp_logrado es false.",0.2,0.0,561.58,0.4002
ia_29,7a59be10-fc3c-423b-8619-a13aac8ffea3.wav,ia,60.32,66,66,0,0,21.54,0.0,0.0,0.357,1,False,Agente,11,0.9535,False,False,0,0,0,neutro_formal,0,"La transcripción solo registra la voz del agente (Hablante 0) durante 60 segundos. No hay respuesta del cliente, por lo que no se confirma el contacto con el titular (RPC), no se logran compromisos de pago ni se registran interacciones dialógicas.",1.0,,60.32,0.357
ia_30,7c826b7f-a4cb-44ce-9461-533e1368ce1d.wav,ia,320.04,617,512,105,0,183.9,36.24,0.0,0.5746,2,False,"Agente, Cliente",73,0.952,True,True,0,0,2,neutro_formal,2,"Se confirma contacto con el titular (Señor Fry/Fray). El cliente acepta un plan de pago de 3 cuotas con descuento, logrando un PTP. No se registran objeciones de impago, solo preguntas de aclaración sobre las fechas y el canal de verificación. El agente ofrece flexibilidad en el número de cuotas (1, 2 o 3) y en las fechas de pago.",0.3333,,320.04,0.5746
ia_31,7dc52408-8aff-4ac6-bf04-620f378132fe.wav,ia,118.68,157,157,0,0,51.64,0.0,0.0,0.4352,1,False,Agente,20,0.9508,False,False,0,0,0,neutro_formal,0,"La transcripción solo registra al agente (Hablante 0). No hay respuesta audible del cliente ni confirmación de identidad (RPC). Las frases atribuidas al agente como 'Es que ahorita no tengo tiempo' y 'No' parecen ser errores de transcripción o eco, pero dado que no se detecta un segundo hablante, no se puede confirmar contacto con el titular ni se registran objeciones válidas ni acuerdos.",1.0,,118.68,0.4352
ia_32,7df4a150-5c74-4f8a-9b13-88635ce35f92.wav,ia,131.1,284,284,0,0,89.51,0.0,0.0,0.6828,1,False,Agente,34,0.9692,True,False,0,0,1,neutro_formal,2,"Se confirma contacto con el titular (is_rpc). El cliente no se compromete a pagar (ptp_logrado=false) ya que la llamada termina antes de aceptar una opción. No se registran objeciones formales de impago, solo confusión sobre el descuento. El agente ofrece una alternativa de pago en cuotas (alternativas_ofrecidas=1). El cliente pide aclaración dos veces sobre el descuento (peticiones_aclaracion_cliente=2). El tono es protocolario y directo.",0.3333,,131.1,0.6828
ia_33,80b9d804-dfe9-444f-aee1-30688b5c4e09.wav,ia,87.52,180,180,0,0,59.36,0.0,0.0,0.6782,1,False,Agente,24,0.896,False,False,0,0,2,neutro_formal,0,"La transcripción solo registra al agente hablando; no hay respuesta del cliente ni confirmación de identidad (Right Party Contact). El agente ofrece un descuento (aunque del 0%) y la opción de pago en 2 cuotas, pero no se logra ningún compromiso de pago (PTP) por falta de interacción con el titular.",1.0,,87.52,0.6782
ia_34,8349b881-cc05-44b6-a5d6-a340bc7e3499.wav,ia,90.7,171,86,85,0,27.79,27.04,0.0,0.3064,2,False,"Agente, Cliente",21,0.9531,False,False,0,0,0,confrontativo,0,"La llamada no fue con el titular (RPC falso) ya que respondió la hija. No se logró compromiso de pago. El agente (hija) mostró un tono confrontativo e impaciente ('Ay, por dios', '¿en qué idioma le hablo?') al negarse a facilitar información o hablar con la titular, mientras el agente de cobranza (cliente en la transcripción) mantuvo un tono neutro/formal.",1.0,,90.7,0.3064
ia_35,8d9dfa93-e293-4924-92ce-2b166805d181.wav,ia,272.22,575,457,118,0,142.66,38.04,0.0,0.524,2,False,"Agente, Cliente",64,0.9398,True,True,1,1,2,neutro_formal,0,"Se confirma contacto con el titular (Sr. Rodríguez). El cliente expresa una objeción logística sobre la fecha de pago (recibe salario el día 5), la cual el agente resuelve ajustando la primera cuota al 5 de agosto. Se ofrecen dos alternativas: descuento del 3% y pago en 15 cuotas. El cliente acepta formalmente el acuerdo.",1.0,1.0,272.22,0.524
ia_36,8eeab89a-aca1-4182-98cd-787defaa3876.wav,ia,88.0,164,41,123,0,14.4,40.14,0.0,0.1636,2,False,"Agente, Cliente",23,0.9346,False,False,0,0,0,neutro_formal,0,"La llamada no fue con el titular de la deuda (RPC falso) ya que el agente confirma que la persona no se encuentra y menciona que habla con la hermana. No se logró ningún compromiso de pago (PTP) ni se gestionaron objeciones, dado que no hubo contacto con el deudor.",1.0,,88.0,0.1636
ia_37,925483e1-0626-4e64-89e7-fdd8091916ce.wav,ia,533.7,1337,724,612,1,221.21,170.92,0.56,0.4145,3,True,"Agente, Cliente, Otro",108,0.9222,True,True,2,1,2,neutro_formal,2,"Se confirma contacto con el titular (Mauricio). El cliente expresa objeciones por la mala experiencia con el producto original y por la inmediatez de la fecha de pago. El agente ofrece dos alternativas (pago único o 2 cuotas) y un descuento. Aunque el cliente solicita ajustar la fecha, finalmente acepta el acuerdo de 2 cuotas con la fecha impuesta por el sistema, logrando un PTP. El tono del agente es protocolario y directo, sin empatía profunda ni rigidez excesiva.",0.3333,0.5,533.7,0.4145
ia_38,9cf48045-df44-4648-b6ad-870d3c145615.wav,ia,255.54,595,171,424,0,61.83,130.29,0.0,0.2419,2,False,"Agente, Cliente",60,0.9261,True,False,1,0,2,rigido_robotico,2,"Se confirma contacto con la titular (Señora Carvajal). El agente (IA) ofrece descuento y cuotas, pero la cliente rechaza el acuerdo por desconfianza hacia la identidad del interlocutor (sospecha de robot/tercero) y prefiere llamar directamente a la entidad. No se logra compromiso de pago (PTP). El tono del agente es repetitivo y no se adapta a la queja de la cliente sobre la naturalidad de la voz.",0.3333,0.0,255.54,0.2419
ia_39,a64feaf9-108a-491e-90f8-013a7c3b2e3d.wav,ia,485.0,1108,654,443,11,208.28,136.18,5.36,0.4294,3,True,"Agente, Cliente, Otro",97,0.958,True,True,3,3,2,empatico_profesional,2,"Se confirma contacto con el titular (Señor Rincón). El cliente expresa objeciones por falta de liquidez y desconfianza por aumentos previos, las cuales son resueltas ofreciendo un acuerdo de largo plazo con cuota fija de 400.000 COP. Se logra un compromiso de pago (PTP) con fecha de primera cuota el 31 de julio de 2026. El agente muestra empatía y ofrece flexibilidad (descuento inicial y luego plan a largo plazo).",0.3333,1.0,485.0,0.4294
ia_40,b056678f-9281-47ab-819d-616ba1c7904a.wav,ia,99.86,138,73,0,65,22.89,0.0,25.78,0.2293,2,True,"Agente, Otro",12,0.9639,False,False,0,0,0,neutro_formal,0,"La llamada se dirigió a una contestadora automática (buzón de voz) que no permitió el contacto con el titular deudor, por lo que no se logró RPC ni PTP.",1.0,,99.86,0.2293
ia_41,b1584952-7de1-4cc6-a83a-9fffa0f747cb.wav,ia,104.52,222,222,0,0,71.22,0.0,0.0,0.6814,1,False,Agente,25,0.9719,False,False,0,0,2,neutro_formal,0,"La transcripción solo registra al agente (Hablante 0) y no contiene ninguna intervención del cliente. Aunque el agente menciona confirmaciones ('Sí, señor'), no hay evidencia de voz del deudor para validar el contacto (RPC) ni un compromiso de pago (PTP). Se identifican 2 alternativas ofrecidas: pago único y pago en cuotas.",1.0,,104.52,0.6814
ia_42,b97bdab1-7884-48dd-8acd-0d8b7b513c67.wav,ia,114.26,213,127,86,0,40.66,28.15,0.0,0.3558,2,False,"Agente, Cliente",29,0.8786,False,False,0,0,0,neutro_formal,0,"El cliente confirma explícitamente que no es el titular de la deuda ('no soy el'), indicando que el número es suyo pero la deuda no le corresponde. Por lo tanto, no se logra contacto con la parte correcta (RPC) ni se genera ningún compromiso de pago.",1.0,,114.26,0.3558
ia_43,bdc7c768-e08e-4ce8-9e8e-ebb3618d311f.wav,ia,263.72,545,412,133,0,118.04,44.81,0.0,0.4476,2,False,"Agente, Cliente",58,0.9587,True,True,1,1,1,empatico_profesional,1,"Se confirma al titular (Sr. Barón). El cliente expresa una objeción por falta de liquidez, la cual es resuelta al aceptar el acuerdo de pago único con descuento. El agente ofrece una alternativa de descuento del 5%. El cliente solicita aclaración sobre la fecha límite (confusión entre el 26 y el 31), lo que cuenta como una petición de aclaración. Se logra un PTP para el 31 de julio.",0.5,1.0,263.72,0.4476
ia_44,c1a958de-6df6-488a-8342-3cc44f4e31c6.wav,ia,166.04,331,254,77,0,79.76,24.8,0.0,0.4804,2,False,"Agente, Cliente",38,0.9523,True,False,2,0,2,neutro_formal,1,"Se confirma contacto con el titular (is_rpc). El cliente rechaza la oferta inicial y manifiesta falta de liquidez (2 objeciones: 'no tengo dinero' y 'no me alcanza' ante la propuesta de cuotas). El agente ofrece descuento (0%) y pago en cuotas (2 alternativas), pero el cliente no se compromete a pagar (ptp_logrado=false). El tono es protocolario y directo.",0.5,0.0,166.04,0.4804
ia_45,c3d816dd-e0cc-46ef-b2db-a7d31a0bd587.wav,ia,68.08,68,68,0,0,26.04,0.0,0.0,0.3826,1,False,Agente,16,0.9386,False,False,0,0,0,neutro_formal,0,"La llamada no constituye un Right Party Contact (RPC) válido. El agente se dirige a 'señora Álvarez' pero la persona que responde indica 'No soy el señor', confirmando que no es el titular de la deuda. No se logra ningún compromiso de pago (PTP) ni se gestionan objeciones, ya que no hubo interacción sustantiva con el deudor.",1.0,,68.08,0.3826
ia_46,c8b57e01-57b6-4d85-9613-c786aef9f8a0.wav,ia,313.66,640,556,84,0,185.82,38.71,0.0,0.5924,2,False,"Agente, Cliente",70,0.9531,True,True,1,1,2,empatico_profesional,1,"Se confirma contacto con la titular (is_rpc). El cliente expresa una objeción por crisis económica (no puede pagar en julio), la cual es resuelta ofreciendo un acuerdo de largo plazo sin descuento (alternativa 2, tras la oferta inicial de descuento y cuotas). El cliente acepta formalmente pagar 2.500.000 COP mensuales (ptp_logrado). El agente muestra empatía ante la situación del cliente y adapta la propuesta. Se registra una petición de aclaración inicial sobre la naturaleza del descuento.",0.5,1.0,313.66,0.5924
ia_47,da02116f-5f55-4cc7-a800-373f4939fa01.wav,ia,461.22,756,236,520,0,85.04,169.78,0.0,0.1844,2,False,"Agente, Cliente",117,0.9449,True,True,1,1,2,neutro_formal,3,"Se confirma contacto con el titular (is_rpc). El cliente acepta un acuerdo de pago en 2 cuotas (ptp_logrado). Se registra una objeción inicial sobre la confusión de la deuda total vs. individual, la cual fue resuelta por el agente aclarando que la oferta es por una sola obligación. Se ofrecieron dos alternativas de pago (único o cuotas). El tono es protocolario y directo. Se identifican 3 peticiones de aclaración por parte del cliente ('¿Perdón? ¿Qué es eso?', '¿Cómo es? ¿Cómo es el tuyo?').",0.25,1.0,461.22,0.1844
ia_48,edbc4154-c6ce-4a77-b899-caf949e1815a.wav,ia,107.4,95,95,0,0,31.28,0.0,0.0,0.2912,1,False,Agente,12,0.9631,False,False,0,0,0,neutro_formal,0,"No se logró confirmar la identidad del titular (Señor López) debido a la falta de respuesta del cliente durante toda la llamada, por lo que se clasificó como no RPC y no se generó ningún compromiso de pago.",1.0,,107.4,0.2912
ia_49,f55b661d-8a1b-4528-976e-d7b2f565b2ea.wav,ia,486.06,1299,650,642,7,206.5,187.27,2.32,0.4248,3,True,"Agente, Cliente, Otro",93,0.9313,True,True,2,2,2,empatico_profesional,0,"Se confirma contacto con el titular (Señor Pino). El cliente expresa objeciones por falta de liquidez inmediata y la imposibilidad de asumir cuotas altas. El agente ofrece inicialmente un descuento con 2 cuotas y, ante la negativa, ofrece un acuerdo de largo plazo sin descuento pero con cuota a elección del cliente. Se logra un PTP de 250.000 COP mensuales con primera cuota el 31 de julio. El tono es empático y profesional, validando la situación del cliente.",1.0,1.0,486.06,0.4248
ia_50,fc9da4d5-10dd-4aab-afb0-de918f081149.wav,ia,85.22,124,124,0,0,38.24,0.0,0.0,0.4487,1,False,Agente,21,0.8891,False,False,0,0,0,neutro_formal,0,"La llamada no logró contactar al titular de la deuda (RPC falso). El interlocutor, identificado como un tercero o familiar, confirmó que no era la persona buscada y no proporcionó información adicional. No se generaron objeciones, acuerdos de pago ni se ofrecieron alternativas de negociación.",1.0,,85.22,0.4487
